#,App name,Category,Active,Link,Dataset
1,Adventure In Forest Island,Adventure Games,1,http://apk.support/app/com.adventuregame.inforestisland,Our Dataset
2,Adventures Of Chipmunks: Rescue Rangers,Adventure Games,1,http://apk.support/app/com.adventuresofchipmunks.rescuerangers,Our Dataset
3,,,0,http://apk.support/app/com.andersonic.play,Our Dataset
4,GBA Emulator APK,Arcade Games,1,http://apk.support/app/com.androidapk.gbaemulator,Our Dataset
5,Asuna X Warrior: The Flash Sword Legend,Action Games,1,http://apk.support/app/com.asunaxwarrior.theflashswordlegend,Our Dataset
6,Asuna X Warrior: The Flash Sword Legend,Action Games,1,http://apk.support/app/com.asunaxwarrior.theflashswordlegend2,Our Dataset
7,,,0,http://apk.support/app/com.avengersleague.mobabattle,Our Dataset
8,Aven League M.oba Battle,Arcade Games,1,http://apk.support/app/com.avengersleague.mobabattle2,Our Dataset
9,Bad Ice Cream Ice-Powers,Puzzle Games,1,http://apk.support/app/com.badicecream.icepowers,Our Dataset
10,,,0,http://apk.support/app/com.badicecream.icepowers.bnn,Our Dataset
11,Bad Ice Cream Deluxe: Fruit Attack,Arcade Games,1,http://apk.support/app/com.badicecreamdeluxe.fruitattack,Our Dataset
12,Nine-Tails Transformation,Simulation Games,1,http://apk.support/app/com.banjolab.ninetailstransformation,Our Dataset
13,Moba Kage: War Of Heroes,Action Games,1,http://apk.support/app/com.battleflag.senki.warofheroes,Our Dataset
14,Moba Kage: War Of Heroes,Action Games,1,http://apk.support/app/com.battleflag.senki.warofheroes2,Our Dataset
15,Battle Of Pirates: Legend Return,Action Games,1,http://apk.support/app/com.battleofpirates.legendreturn,Our Dataset
16,Battle Of Heroes Universes,Adventure Games,1,http://apk.support/app/com.battleofsaiyan.universes,Our Dataset
17,Battle Of Super Saiyan Blue Goku Warrior,Action Games,1,http://apk.support/app/com.battleofsuper.warriorssuperblue,Our Dataset
18,Battle Of Z Dragon Smash,Simulation Games,1,http://apk.support/app/com.battleofz.sragonsmash,Our Dataset
19,Battle Of Z Dragon Smash,Arcade Games,1,http://apk.support/app/com.battleofz.sragonsmash2,Our Dataset
20,Battle Of Dragon Z - Tag Team,Action Games,1,http://apk.support/app/com.battleofz.superwarriors,Our Dataset
21,,,0,http://apk.support/app/com.battletoads.dragonbro,Our Dataset
22,,,0,http://apk.support/app/com.battletoadsfighter.toadmania,Our Dataset
23,Super Blue Smash Jungle Adventure,Adventure Games,1,http://apk.support/app/com.bestclassic.supersmashflash,Our Dataset
24,Black Flag: Pirates VS Fairy Super Battle,Adventure Games,1,http://apk.support/app/com.blackflag.piratesvsfairysuperbattle2,Our Dataset
25,Blaze Ring Crazy World,Adventure Games,1,http://apk.support/app/com.blazering.crazyworld,Our Dataset
26,,,0,http://apk.support/app/com.blazering.dashwarriors,Our Dataset
27,Dragon  Ghost Maze,Puzzle Games,1,http://apk.support/app/com.bubblebobble.ghostmaze,Our Dataset
28,,,0,http://apk.support/app/com.buzzygames.worldtour,Our Dataset
29,Monster VS Hero Moba,Role Playing Games,1,http://apk.support/app/com.cactusteam.monstervshero,Our Dataset
30,Challenger: White Hat Cowboy,Adventure Games,1,http://apk.support/app/com.challenger.whitehatcowboy,Our Dataset
31,Super God Fist,Action Games,1,http://apk.support/app/com.championgame.supergodfist,Our Dataset
32,Kame Battle,Adventure Games,1,http://apk.support/app/com.chaosgames.kamebattle,Our Dataset
33,Circus Classic: Lion Jump,Adventure Games,1,http://apk.support/app/com.circusclassic.lionjump,Our Dataset
34,,,0,http://apk.support/app/com.clashofdragon.stickheroes.ncr,Our Dataset
35,Jackal Jeep,Arcade Games,1,http://apk.support/app/com.classiccar.jackaljeep,Our Dataset
36,Classic Nes Emulator: For Retro Games,Arcade Games,1,http://apk.support/app/com.classicnes.emulator.retrogames,Our Dataset
37,Magic Stick Warriors,Action Games,1,http://apk.support/app/com.cocolabs.magicstickwarriors,Our Dataset
38,Color Island Bubble Bobble,Adventure Games,1,http://apk.support/app/com.colorisland.bubblebobble,Our Dataset
39,Ninja Comic - Kage Battle,Simulation Games,1,http://apk.support/app/com.comicgames.animeninjaarena,Our Dataset
40,Manga World: Battle Saga,Adventure Games,1,http://apk.support/app/com.comicgames.mangaworldbattlesaga,Our Dataset
41,,,0,http://apk.support/app/com.craftvalley.masterblockpe,Our Dataset
42,Resurrection Of Zfrieza,Arcade Games,1,http://apk.support/app/com.dbzgames.resurrectionfrieza,Our Dataset
43,Tiny Z Dragon Kungfu,Arcade Games,1,http://apk.support/app/com.dbziny.dragonkungfu,Our Dataset
44,League Of Warriors,Simulation Games,1,http://apk.support/app/com.demonlabs.leagueofwarriors,Our Dataset
45,Aura Of A God,Role Playing Games,1,http://apk.support/app/com.denisnapoleon.felixpille.dbzauraofagod,Our Dataset
46,,,0,http://apk.support/app/com.denisnapoleon.felixpille.dbzauraofagod2,Our Dataset
47,,,0,http://apk.support/app/com.doubleheroes.dragon,Our Dataset
48,Dragon Battle: Double Revenge,Adventure Games,1,http://apk.support/app/com.dragonbattle.doublerevenge,Our Dataset
49,Dragon Brothers: Jungle Attack,Arcade Games,1,http://apk.support/app/com.dragonbrothers.jungleattack,Our Dataset
50,Contra Dragon Brothers Waterfall,Adventure Games,1,http://apk.support/app/com.dragonbrothers.waterfall,Our Dataset
51,Battle Of SSJ,Adventure Games,1,http://apk.support/app/com.dragongames.battleofssjj,Our Dataset
52,Kame Stick Heroes,Action Games,1,http://apk.support/app/com.dragonstudio.kamestickheroes,Our Dataset
53,Super Z Warriors,Action Games,1,http://apk.support/app/com.dwagames.superzwarriors,Our Dataset
54,,,0,http://apk.support/app/com.earthbound.thegiftmanchronicles,Our Dataset
55,Haki Battle - Deep Sea Treasure,Action Games,1,http://apk.support/app/com.epicnine.hakibattle,Our Dataset
56,Demon Tail - Straw Pirate VS Fairy,Arcade Games,1,http://apk.support/app/com.epicwildgames.demontail,Our Dataset
57,Epic World Battle: Storm Power,Action Games,1,http://apk.support/app/com.epicworldbattle.stormpower,Our Dataset
58,Epic World Battle: Storm Power,Arcade Games,1,http://apk.support/app/com.epicworldbattle.stormpower2,Our Dataset
59,Comic Ninja Battle Of Rasengan,Entertainment,1,http://apk.support/app/com.fanmades.comicninjabattle,Our Dataset
60,Ninja Magic War,Adventure Games,1,http://apk.support/app/com.farewellgames.ninjamagicwar,Our Dataset
61,Ninja Magic War,Adventure Games,1,http://apk.support/app/com.farewellgames.ninjamagicwar2,Our Dataset
62,Saiyan KO Arena - Tourney Champion Z,Action Games,1,http://apk.support/app/com.farmergame.saiyankoarena,Our Dataset
63,Fields Of Justice Champions Battle,Action Games,1,http://apk.support/app/com.fieldsofjustice.championsbattle,Our Dataset
64,God Of Universe Crusader,Action Games,1,http://apk.support/app/com.fighter.godofuniversecrusader,Our Dataset
65,Fireboy Couple : The Ice Temple Save Watergirl,Puzzle Games,1,http://apk.support/app/com.fireandicecouple.theicetemple,Our Dataset
66,FireBoy Hero: Light Puzzle,Puzzle Games,1,http://apk.support/app/com.fireflygames.fireherolightpuzzle2,Our Dataset
67,Fire & Ice Couple The Light Temple,Puzzle Games,1,http://apk.support/app/com.fireicecouple.thelighttemple,Our Dataset
68,Football Captain World Tournament,Strategy Games,1,http://apk.support/app/com.footballcaptain.worldtournament,Our Dataset
69,Frontier Knight Evil Dr Robo,Adventure Games,1,http://apk.support/app/com.frontierknight.evildrrobo,Our Dataset
70,64STREET Classic Fighting,Action Games,1,http://apk.support/app/com.game64street.classicfighting,Our Dataset
71,Z64: Nin64 Emulator (N64),Arcade Games,1,http://apk.support/app/com.gamez64.nin64emulator,Our Dataset
72,Uchiha Battle,Arcade Games,1,http://apk.support/app/com.gammastudio.uchihabattle,Our Dataset
73,GBC Deluxe Emulator,Entertainment,1,http://apk.support/app/com.gbcdeluxe.emulatorforandroid,Our Dataset
74,Dragon Of Diamond,Action Games,1,http://apk.support/app/com.greatdbzgames.dragonofdiamond,Our Dataset
75,,,0,http://apk.support/app/com.gunsmoke.legendshooting,Our Dataset
76,Hokage Unlimited Heroes,Action Games,1,http://apk.support/app/com.hokage.unlimitedheroes,Our Dataset
77,Boru Fight - Next Kage Generation,Adventure Games,1,http://apk.support/app/com.hopkins.borutofights,Our Dataset
78,Hotboy And IceGirl: Temple In Forest,Puzzle Games,1,http://apk.support/app/com.hotboyandicegirl.templeinforest,Our Dataset
79,Hotboy And IceGirl: Temple In Forest,Puzzle Games,1,http://apk.support/app/com.hotboyandicegirl.templeinforest2,Our Dataset
80,Hotboy And IceGirl: Temple In Forest,Puzzle Games,1,http://apk.support/app/com.hotboyandicegirl.templeinforest3,Our Dataset
81,,,0,http://apk.support/app/com.jackalshooting.supersoliders,Our Dataset
82,Moba Offline: Monster VS Hero,Action Games,1,http://apk.support/app/com.johnslabs.superwarriorsmoba,Our Dataset
83,Jojo VS Ninja: Battle 3v3,Action Games,1,http://apk.support/app/com.jojovsninja.battle,Our Dataset
84,Fighting Super Stars Ultimate,Arcade Games,1,http://apk.support/app/com.jumpsuperstars.ultimatebattle,Our Dataset
85,Power Fighters Warrior : Super Saiyan Tenkai Buko,Action Games,1,http://apk.support/app/com.karolinagames.powerfighters,Our Dataset
86,Power Fighters Warrior : Super Dragon Tenkai Buko,Arcade Games,1,http://apk.support/app/com.karolinagames.powerfighters2,Our Dataset
87,Kid Icarus Angel Land,Arcade Games,1,http://apk.support/app/com.kidicarus.angelland,Our Dataset
88,Endless Ring,Adventure Games,1,http://apk.support/app/com.kimmesegames.endlessring,Our Dataset
89,Kingdom Guardian Rush Wars,Strategy Games,1,http://apk.support/app/com.kingdomguardian.rushwars,Our Dataset
90,Kingdom Of Bowmans: Magic Arrow,Strategy Games,1,http://apk.support/app/com.kingdomofbowmans.magicarrow,Our Dataset
91,The King Of Dragon Arena,Arcade Games,1,http://apk.support/app/com.kingofsaiyan.dragonarena,Our Dataset
92,,,0,http://apk.support/app/com.kingofuniversefighters.ultrainstinct,Our Dataset
93,Kiss On The Beach Lovely Girl,Dating,1,http://apk.support/app/com.kissonthebeach.lovelygirl,Our Dataset
94,Knuckles Advance Megamix,Arcade Games,1,http://apk.support/app/com.knucklesadvance.megamix,Our Dataset
95,Zen Exhibition March,Casual Games,1,http://apk.support/app/com.kog.zenexhibitionmarch,Our Dataset
96,League Of Justice: Anime Warriors,Action Games,1,http://apk.support/app/com.leagueofjustice.animewarriors,Our Dataset
97,League Of Justice: Anime Warriors,Strategy Games,1,http://apk.support/app/com.leagueofjustice.animewarriors2,Our Dataset
98,League Of Justice Anime Warriors,Simulation Games,1,http://apk.support/app/com.leagueofjustice.animewarriorsreturn,Our Dataset
99,League Of Ninja: Moba Battle,Action Games,1,http://apk.support/app/com.leagueofninja.mobaarena,Our Dataset
100,League Of Ninja: Moba Battle,Action Games,1,http://apk.support/app/com.leagueofninja.mobabattle,Our Dataset
101,League Of Ninja: Moba Battle,Action Games,1,http://apk.support/app/com.leagueofninja.mobabattle2,Our Dataset
102,Power Of Broly - God Of Saiyan,Action Games,1,http://apk.support/app/com.legendarywarrior.powerofbroly,Our Dataset
103,,,0,http://apk.support/app/com.legendofmana.secret,Our Dataset
104,Bardock Warrior,Action Games,1,http://apk.support/app/com.legendstudio.bardockwarrior,Our Dataset
105,Z Royal Action,Action Games,1,http://apk.support/app/com.leoneboy.zroyalaction,Our Dataset
106,,,0,http://apk.support/app/com.liongames.supermonkeykong,Our Dataset
107,Power Championship,Action Games,1,http://apk.support/app/com.littlestardev.powerchampionship,Our Dataset
108,Swimming Pool Kissing,Casual Games,1,http://apk.support/app/com.lovelygames.swimmingpoolkissing,Our Dataset
109,,,0,http://apk.support/app/com.lufiagame.riseofthesinistrals,Our Dataset
110,Manga War - Arena Battle,Arcade Games,1,http://apk.support/app/com.mangawar.battleofchaos,Our Dataset
111,Maze Escape Unblocked: Kun Monkey,Puzzle Games,1,http://apk.support/app/com.mazeescapeunblocked.kunmonkey,Our Dataset
112,MegaGen: Genesis MegaDrive MD Emulator,Tools,1,http://apk.support/app/com.megagens.mdemulator,Our Dataset
113,Metal Gear Super Warriors,Adventure Games,1,http://apk.support/app/com.metalgear.superwarriors,Our Dataset
114,MGBA ‚Äì GBA Roms Emulator,Tools,1,http://apk.support/app/com.mgba.romsemulators,Our Dataset
115,Ice Cream Maze Puzzle,Puzzle Games,1,http://apk.support/app/com.minigames.icecreammazepuzzle,Our Dataset
116,FireRed GBA Emulator,Arcade Games,1,http://apk.support/app/com.monfirered.gbaemulator,Our Dataset
117,Mortal Fighting Arcade - Tourney Champion Warrior,Action Games,1,http://apk.support/app/com.mortalfighting.arcadepro,Our Dataset
118,,,0,http://apk.support/app/com.msluggames.supervehicle,Our Dataset
119,MyBoy GBC Emulator Pro,Arcade Games,1,http://apk.support/app/com.myboypro.gbcemulatorpro,Our Dataset
120,Saiyan Thunder Fighter Saga,Adventure Games,1,http://apk.support/app/com.namekgame.dragons,Our Dataset
121,Ninja 3v3 - Legend Fight,Simulation Games,1,http://apk.support/app/com.narugames.ninjafarewell,Our Dataset
122,Pirate Nautical King: Burning Will,Action Games,1,http://apk.support/app/com.nauticalking.burningwill,Our Dataset
123,Pirate Nautical King: Burning Will,Comics,1,http://apk.support/app/com.nauticalking.burningwill2,Our Dataset
124,NDS Emu Classic: Emulator,Arcade Games,1,http://apk.support/app/com.ndsemuclassic.emulator,Our Dataset
125,NDS Emu Classic: Emulator,Arcade Games,1,http://apk.support/app/com.ndsemuclassic.emulatorv2,Our Dataset
126,NdsPlayer - NDS Emu For Android,Tools,1,http://apk.support/app/com.ndsplayer.ndsemuforandroid,Our Dataset
127,GnGeo - Neogeo Arcade Emulator,Arcade Games,1,http://apk.support/app/com.neopop.neogeo.poco,Our Dataset
128,FCBro NES Emulator,Simulation Games,1,http://apk.support/app/com.nesfcbro.nesemulator,Our Dataset
129,NicBros Adventure: The Secret Rings,Adventure Games,1,http://apk.support/app/com.nicbros.thesecretrings,Our Dataset
130,Classic N64 Emulator Games,Arcade Games,1,http://apk.support/app/com.nido64.n64retrogames.emulator,Our Dataset
131,Ninja Arena,Action Games,1,http://apk.support/app/com.ninjaarena.legendfighting2,Our Dataset
132,Ninja Battle Shinobi Fight,Entertainment,1,http://apk.support/app/com.ninjabattle.shinobilegend,Our Dataset
133,Battle Of Ninja: Deathwar Moba,Adventure Games,1,http://apk.support/app/com.ninjabon.battleofninja,Our Dataset
134,Ninja Legend Road,Action Games,1,http://apk.support/app/com.ninjagames.legendroad,Our Dataset
135,Ninja Final Battle,Action Games,1,http://apk.support/app/com.ninjamoba.finalbattle,Our Dataset
136,Ninja Rampage Legendary Power,Action Games,1,http://apk.support/app/com.ninjarampage.legendarypower,Our Dataset
137,Blade Vs Soul - Kage Return,Action Games,1,http://apk.support/app/com.ninjarevenge.bladevssoul2,Our Dataset
138,Ninja Survival: Deathmatch,Action Games,1,http://apk.support/app/com.ninjasurvival.deathmatch,Our Dataset
139,Legendary Shinobi War,Simulation Games,1,http://apk.support/app/com.nswon.legendaryshinobiwar,Our Dataset
140,Z Dash Power,Action Games,1,http://apk.support/app/com.pandagames.skilldashpower,Our Dataset
141,,,0,http://apk.support/app/com.panicmaze.mushroomkingdom,Our Dataset
142,Persian Warrior Recuse Princess Jasmine - Aladanh,Adventure Games,1,http://apk.support/app/com.persianwarrior.recuseprincessjasmine,Our Dataset
143,PiSNES - SNES For  APK,Tools,1,http://apk.support/app/com.PiSNES.SNESforAPK,Our Dataset
144,,,0,http://apk.support/app/com.pocketlabs.emeraldmonsters,Our Dataset
145,PokeBlack NDS Emulator,Simulation Games,1,http://apk.support/app/com.pokeblack.ndsemulator,Our Dataset
146,PokeDiamond NDS Emulator,Action Games,1,http://apk.support/app/com.pokediamond.ndsemulator,Our Dataset
147,,,0,http://apk.support/app/com.pokeemerald.gbaemulator,Our Dataset
148,PokeGBA - GBA Emulator For Poke Games,Adventure Games,1,http://apk.support/app/com.pokegba.pokegamess,Our Dataset
149,PokeRuby GBA Emulator,Adventure Games,1,http://apk.support/app/com.pokerubygames.gbaemulator,Our Dataset
150,,,0,http://apk.support/app/com.pokestadium.n64emulator,Our Dataset
151,,,0,http://apk.support/app/com.powerzfighters.superkakarot,Our Dataset
152,Ice Cave Attack,Puzzle Games,1,http://apk.support/app/com.puzzgmamesstudio.icecaveattack,Our Dataset
153,Bomb Maze Berman Hero,Puzzle Games,1,http://apk.support/app/com.puzzlegames.bombmaze,Our Dataset
154,Fierce Fighting Ball: Dragon Arcade,Arcade Games,1,http://apk.support/app/com.pwlegend.fiercefightingarcade,Our Dataset
155,Ring Champion,Adventure Games,1,http://apk.support/app/com.rabbitgames.ringchampion,Our Dataset
156,Z Dragon Jump Racing,Adventure Games,1,http://apk.support/app/com.racingbattle.zdragonjumpracing,Our Dataset
157,Red Fire GBA Emulator,Arcade Games,1,http://apk.support/app/com.redfirepoke.gbaemulator,Our Dataset
158,Shenron Blast,Arcade Games,1,http://apk.support/app/com.rikigames.shenronblast,Our Dataset
159,Shenron Blast,Action Games,1,http://apk.support/app/com.rikigames.shenronblast2,Our Dataset
160,Ring Mania Lost World,Arcade Games,1,http://apk.support/app/com.ringmania.lostworld,Our Dataset
161,Rise Of The Ninja: Dark War,Strategy Games,1,http://apk.support/app/com.riseoftheninja.darkwar,Our Dataset
162,Rise Of The Ninja : Dark War,Simulation Games,1,http://apk.support/app/com.riseoftheninja.darkwar2,Our Dataset
163,Road Fighter: Classic,Racing Games,1,http://apk.support/app/com.roadfighterclassic,Our Dataset
164,Super Saiyan Z Final Warriors Of Universe,Action Games,1,http://apk.support/app/com.ronandgames.superzwarriors,Our Dataset
165,Soccer Random Team Generator,Tools,1,http://apk.support/app/com.roulettegame.soccerrandomteamgen,Our Dataset
166,,,0,http://apk.support/app/com.royalflush.princesssidestory,Our Dataset
167,Ruby Poke Game,Entertainment,1,http://apk.support/app/com.rubypoke.kingofmonsters,Our Dataset
168,Rush Adventure Shadow Rings,Adventure Games,1,http://apk.support/app/com.rushadventure.shadowrings,Our Dataset
169,,,0,http://apk.support/app/com.saiyanchampions.thelegacyofsaiyan,Our Dataset
170,Saiyaman Classic Fighting,Action Games,1,http://apk.support/app/com.saiyanclassic.fightinggames,Our Dataset
171,Anime Fight : Ninja Vs Pirate,Arcade Games,1,http://apk.support/app/com.saiyanfight.vsninjapirate,Our Dataset
172,Tourney Arena: King Of Z Warriors,Entertainment,1,http://apk.support/app/com.saiyanfighters.kingofavengers,Our Dataset
173,Dragon  Revenge Z Legendary - Universe WarriorZ,Action Games,1,http://apk.support/app/com.saiyanrevenge.zlegendaryz,Our Dataset
174,Saiyan VS Ninja Arena,Action Games,1,http://apk.support/app/com.saiyanvsninja.arena,Our Dataset
175,,,0,http://apk.support/app/com.sbo.awakeningofsaiyan,Our Dataset
176,Ultimate Ninja War,Simulation Games,1,http://apk.support/app/com.senamo.ultimateninjawar,Our Dataset
177,Super Blue Full Power,Action Games,1,http://apk.support/app/com.sgs.superbluefullpower,Our Dataset
178,,,0,http://apk.support/app/com.shadowdash.returnofknu,Our Dataset
179,Adventures Of Dash Heroes,Arcade Games,1,http://apk.support/app/com.shadowrun.adventuresofdashheroes,Our Dataset
180,Tournament Of Shinobi,Simulation Games,1,http://apk.support/app/com.shinigami.realmdeathfight,Our Dataset
181,,,0,http://apk.support/app/com.shinigami.realmdeathfight2,Our Dataset
182,Tournament Of Hokage - Shinobi Arena,Arcade Games,1,http://apk.support/app/com.shinigami.tournamentofshinobi,Our Dataset
183,Block Art War Craft: Survival,Simulation Games,1,http://apk.support/app/com.simulators.blockartwarcraft.survival,Our Dataset
184,Smash Bros Fighting Arena,Comics,1,http://apk.support/app/com.smashbros.fightingarena,Our Dataset
185,,,0,http://apk.support/app/com.smashbros.shadowrun,Our Dataset
186,SMC - SNES Player,Arcade Games,1,http://apk.support/app/com.smcgames.snesplayer,Our Dataset
187,Soldier Force Snow Field,Adventure Games,1,http://apk.support/app/com.soldierforce.snowfield,Our Dataset
188,Somari The Adventurer,Action Games,1,http://apk.support/app/com.somari2019.theadventurer,Our Dataset
189,Great War Of Heroes,Action Games,1,http://apk.support/app/com.starsfighting.greatwarofheroes,Our Dataset
190,Stealth Naru Assassins Tournament,Action Games,1,http://apk.support/app/com.stealthnaruassassins.tournament,Our Dataset
191,,,0,http://apk.support/app/com.stickgames.batlestarsv5,Our Dataset
192,Stick Hero: Xiao Return,Simulation Games,1,http://apk.support/app/com.stickhero.xiaoreturn,Our Dataset
193,Stick Ninja Fight Legendary,Role Playing Games,1,http://apk.support/app/com.stickninjafight.legendary,Our Dataset
194,Street Hopper Basket Challenge,Arcade Games,1,http://apk.support/app/com.streethopper.basketchallenge,Our Dataset
195,,,0,http://apk.support/app/com.superclassic.dashwarriors,Our Dataset
196,Super Comic Stars Fighting,Action Games,1,http://apk.support/app/com.supercomicgames.starsfighting,Our Dataset
197,Super Dinosaurs Soldier,Adventure Games,1,http://apk.support/app/com.superdinosaurs.frogsoldier,Our Dataset
198,Super Dug Digger In Maze,Puzzle Games,1,http://apk.support/app/com.superdug.diggerinmaze,Our Dataset
199,Super Fireboy The Forest Dungeon,Casual Games,1,http://apk.support/app/com.superfireboy.theforestdungeon,Our Dataset
200,Super Fireboy The Light Dungeon,Adventure Games,1,http://apk.support/app/com.superfireboy.thelightdungeon,Our Dataset
201,Fighting World Hero From Universe,Adventure Games,1,http://apk.support/app/com.SuperGG.FightingWorld.HerofromUniverse,Our Dataset
202,Super MJ Buu: Best Transformations,Adventure Games,1,http://apk.support/app/com.supermjbuu.besttransformations,Our Dataset
203,Mega RockBot Heroes Battle Network,Strategy Games,1,http://apk.support/app/com.superrockheroes.battlenetwork,Our Dataset
204,Smash N64 Emulator,Tools,1,http://apk.support/app/com.supersmash.n64emulator,Our Dataset
205,Super Speed Heroes,Adventure Games,1,http://apk.support/app/com.superspeed.heroes2019,Our Dataset
206,Super Turtles Warriors: TMNT Ninja Project,Arcade Games,1,http://apk.support/app/com.superturtleswarriors.ninjaproject,Our Dataset
207,,,0,http://apk.support/app/com.superturtleswarriors.secretproject,Our Dataset
208,Saiyan Z Fighter Tournament,Action Games,1,http://apk.support/app/com.superzfighter.tournament,Our Dataset
209,Anime Avenger,Action Games,1,http://apk.support/app/com.sweetygames.animeavenger,Our Dataset
210,Sweety Kiss: Bedroom Kissing,Casual Games,1,http://apk.support/app/com.sweetykiss.bedroomkissing,Our Dataset
211,Sweety Kiss: Bedroom Kissing,Casual Games,1,http://apk.support/app/com.sweetykiss.bedroomkissing2,Our Dataset
212,Summertime Swimming Pool Kissing Princess,Casual Games,1,http://apk.support/app/com.swimmingpoolkissing.princess,Our Dataset
213,,,0,http://apk.support/app/com.themagicalquest.mouse,Our Dataset
214,The Wild West Riders Bounty Hunters,Arcade Games,1,http://apk.support/app/com.thewildwestriders.bountyhunters,Our Dataset
215,Throne Defender Rise Of Archer,Strategy Games,1,http://apk.support/app/com.thronedefender.riseofarcher,Our Dataset
216,,,0,http://apk.support/app/com.tinygame.circusclassic,Our Dataset
217,Zeno Expo Champion : Last Z Warrior,Arcade Games,1,http://apk.support/app/com.tournamentgames.zenoexpochampion,Our Dataset
218,Ultimate Arena: Legendary Fighters,Arcade Games,1,http://apk.support/app/com.UltimateArena.championZZZ,Our Dataset
219,Ultimate Fighting: Master Of Skill,Action Games,1,http://apk.support/app/com.ultimatefighting.masterofskill,Our Dataset
220,Ultimate Fighting: Master Of Skill,Action Games,1,http://apk.support/app/com.ultimatefighting.masterofskill2,Our Dataset
221,,,0,http://apk.support/app/com.ultimateflash.ringexe,Our Dataset
222,Ultimate Anime Champions,Arcade Games,1,http://apk.support/app/com.ultimateninja.animechampions,Our Dataset
223,Ultimate Ninja Fighting Heroes,Action Games,1,http://apk.support/app/com.ultimateninja.fightingheroes,Our Dataset
224,Ultra Anime Champions,Arcade Games,1,http://apk.support/app/com.ultrafighting.anime.champions,Our Dataset
225,,,0,http://apk.support/app/com.ultrafighting.anime.champions2,Our Dataset
226,Ultra Anime Champions,Action Games,1,http://apk.support/app/com.ultrafighting.animechampions,Our Dataset
227,Ultra Jack Man Anime Battle,Arcade Games,1,http://apk.support/app/com.ultrajackman.animebattle,Our Dataset
228,TapZ: Fusion Saga,Adventure Games,1,http://apk.support/app/com.unity.gamestapzfusionsaga2,Our Dataset
229,Ninja Return: Ultimate Skill,Action Games,1,http://apk.support/app/com.utimatebattle.ninjaultimateskill2,Our Dataset
230,Rise Of Brolyy - Legend Warrior Offline,Arcade Games,1,http://apk.support/app/com.warriorsgame.RiseofBroly,Our Dataset
231,Spy Hunter Classic,Adventure Games,1,http://apk.support/app/com.whitehat.spyhunter,Our Dataset
232,Fire Red Monsters,Adventure Games,1,http://apk.support/app/com.woodman.fireredmonsters,Our Dataset
233,X Warriors: Giant Rings Collect Adventure,Adventure Games,1,http://apk.support/app/com.xwarriors.giantrings,Our Dataset
234,Tournament Of Z Flash Dimension - Anime King,Action Games,1,http://apk.support/app/com.zarcade.zflashdimension,Our Dataset
235,Z Arena: Universe Battle,Action Games,1,http://apk.support/app/com.zarena.universebattle2,Our Dataset
236,ZBattle: Super Warriors,Action Games,1,http://apk.support/app/com.zbattlegame.superwarriors,Our Dataset
237,Z Crusher Power Warrior Of Fighterz,Arcade Games,1,http://apk.support/app/com.zcrusherpower.pwg,Our Dataset
238,Zelda N64 Emulator,Adventure Games,1,http://apk.support/app/com.zeldagames.n64emulator,Our Dataset
239,Ball Z Evolution,Action Games,1,http://apk.support/app/com.zenogames.dragonzevolution,Our Dataset
240,Z Hyper Dimension : Saiyan Champion Heroes,Action Games,1,http://apk.support/app/com.zhyperdimension.infinitebattle,Our Dataset
241,Kai Warriors,Arcade Games,1,http://apk.support/app/com.zulugames.kaiwarriors,Our Dataset
242,Z Universe Warriors Champion : DB Return,Comics,1,http://apk.support/app/com.zuniversewarriors.kochampion,Our Dataset
243,Z Warriors Legend Return,Casual Games,1,http://apk.support/app/com.zwarriors.legendreturn,Our Dataset
244,Jungle Zone: Mania Adventures,Adventure Games,1,http://apk.support/app/junglezone.maniaadventures2,Our Dataset
245,Happy BlackJack,Casino Games,1,http://apk.support/app/com.wanyiju.hbj,MPDroid
246,Christmas Jingle Bell Sound,Casual Games,1,http://apk.support/app/com.flyxapp.jinglebell,MPDroid
247,Droid Wifi Analyzer,Tools,1,http://apk.support/app/com.kastorsoft.wifidroid,MPDroid
248,Camera360 - Photo Editor + Camera & Sweet Selfies,Photography,1,http://apk.support/app/vStudio.Android.Camera360,MPDroid
249,Autorun Manager,Productivity,1,http://apk.support/app/com.rs.autorun,MPDroid
250,Wrecking Baller,Arcade Games,1,http://apk.support/app/com.aevumlab.wrckb,MPDroid
251,AL Bubble Shoot,Arcade Games,1,http://apk.support/app/com.bestartlogic.game.bubbleshooter,MPDroid
252,,,0,http://apk.support/app/com.rovio.croods,MPDroid
253,Thermal Camera,Photography,1,http://apk.support/app/com.fingersoft.thermalvisioncamera,MPDroid
254,Skype - Free IM & Video Calls,Communication,1,http://apk.support/app/com.skype.raider,MPDroid
255,Find Friends,Tools,1,http://apk.support/app/com.FindFriend,MPDroid
256,,,0,http://apk.support/app/com.jaytronix.echovox,MPDroid
257,Talking Ginger,Entertainment,1,http://apk.support/app/com.outfit7.talkinggingerfree,MPDroid
258,Winter Snow Live Wallpaper LWP,Personalization,1,http://apk.support/app/com.electricseed.cartoonwinterlandscapelite,MPDroid
259,Alarm Clock Xtreme & Timer,Tools,1,http://apk.support/app/com.alarmclock.xtreme,MPDroid
260,Cartoon Camera Pro,Photography,1,http://apk.support/app/com.fingersoft.cartooncameraadfree,MPDroid
261,English Lessons (free & Fun),Education,1,http://apk.support/app/andrei.brusentcov.languagetutor.en,MPDroid
262,Change My Voice,Music & Audio,1,http://apk.support/app/com.coolapps.changemyvoice,MPDroid
263,Drag Racing: Bike Edition,Racing Games,1,http://apk.support/app/com.creativemobile.dragracingbe,MPDroid
264,Call Of Mini: Sniper,Arcade Games,1,http://apk.support/app/com.trinitigame.callofminisniper,MPDroid
265,Strata,Puzzle Games,1,http://apk.support/app/com.graveck.stratapremium,MPDroid
266,Voice Changer DIY Trial,Music & Audio,1,http://apk.support/app/com.bruce.android.noid,MPDroid
267,Monkey Boxing,Arcade Games,1,http://apk.support/app/com.crescentmoongames.monkeyboxing,MPDroid
268,Chalky Fish Free,Puzzle Games,1,http://apk.support/app/com.omgds.chalkyfishfree,MPDroid
269,HELO TC,Entertainment,1,http://apk.support/app/com.griffintechnology.helotc,MPDroid
270,GPS Fix,Travel & Local,1,http://apk.support/app/com.androidlab.gpsfix,MPDroid
271,AlarmDroid (alarm Clock),Tools,1,http://apk.support/app/com.splunchy.android.alarmclock,MPDroid
272,,,0,http://apk.support/app/com.hewittsoft.baby,MPDroid
273,Superuser,Tools,1,http://apk.support/app/com.noshufou.android.su,MPDroid
274,Doodle Basketball,Sports Games,1,http://apk.support/app/com.byril.doodlebasket,MPDroid
275,Display Cars HD Wallpapers,Entertainment,1,http://apk.support/app/wallpaper.tunning,MPDroid
276,Plague Inc.,Simulation Games,1,http://apk.support/app/com.miniclip.plagueinc,MPDroid
277,Baby Recorder,Education,1,http://apk.support/app/com.bobo,MPDroid
278,Rope Rescue,Puzzle Games,1,http://apk.support/app/com.untame.roperacket,MPDroid
279,Desktop Notes,Productivity,1,http://apk.support/app/com.shenyaocn.android.desktopnotes,MPDroid
280,Permission Remover APK,Tools,1,http://apk.support/app/com.gmail.heagoo.apkpermremover,MPDroid
281,Sweet Cat. Dress Up Wallpaper,Personalization,1,http://apk.support/app/pl.infinzmedia.catcapsfree,MPDroid
282,Talking Tom Cat,Entertainment,1,http://apk.support/app/com.outfit7.talkingtom,MPDroid
283,Auto Screen On Off(Smart Cover,Tools,1,http://apk.support/app/com.danielkao.autoscreenonoff,MPDroid
284,ZyMi Metronome FREE,Music & Audio,1,http://apk.support/app/com.zybnet.metronomefree,MPDroid
285,Maichang,Music & Audio,1,http://apk.support/app/cn.mchang,MPDroid
286,"Divination Fortune,horoscopes",Entertainment,1,http://apk.support/app/com.simple.fortuneteller,MPDroid
287,Tulips Live Wallpapers,Personalization,1,http://apk.support/app/com.pansoft.tulips,MPDroid
288,Boardtastic Skateboarding,Sports Games,1,http://apk.support/app/com.perblue.skater,MPDroid
289,PathFinder 3D,Puzzle Games,1,http://apk.support/app/com.pathfinder.trid,MPDroid
290,Freecell,Card Games,1,http://apk.support/app/com.lemon.freecall.king,MPDroid
291,SmartHosts,Tools,1,http://apk.support/app/mobi.smarthosts,MPDroid
292,One Power Guard,Productivity,1,http://apk.support/app/com.onexuan.battery,MPDroid
293,Lie Detector Simulator Fun,Casual Games,1,http://apk.support/app/com.softwego.liedetector,MPDroid
294,ÊÑõÂ•áËóùPPS - ÈõªË¶ñÂäáÈõªÂΩ±Á∂úËóùÂãïÊº´ÂΩ±Èü≥Á∑ö‰∏äÁúã,Entertainment,1,http://apk.support/app/tv.pps.mobile,MPDroid
295,,,0,http://apk.support/app/com.RefinedGames.CrossCourtTennis,MPDroid
296,,,0,http://apk.support/app/org.aurochdigital.gamethenews,MPDroid
297,Shake2PlayNext,Video Players & Editors,1,http://apk.support/app/ru.atrant.shake2playnext,MPDroid
298,No Lock,Productivity,1,http://apk.support/app/org.jraf.android.nolock,MPDroid
299,MyScript Calculator,Tools,1,http://apk.support/app/com.visionobjects.calculator,MPDroid
300,3D Russia Flag Live Wallpaper,Personalization,1,http://apk.support/app/com.app4joy.russia_free,MPDroid
301,,,0,http://apk.support/app/com.amewong.gpskit,MPDroid
302,Santa Rockstar,Arcade Games,1,http://apk.support/app/com.yuisy.santarockstar,MPDroid
303,,,0,http://apk.support/app/com.kait.simplecompass,MPDroid
304,DS Super App2SD Lite,Tools,1,http://apk.support/app/com.droidsail.dsapp2sd,MPDroid
305,Gangstar City,Simulation Games,1,http://apk.support/app/com.gameloft.android.ANMP.GloftGAHM,MPDroid
306,Monster Truck Muddle,Racing Games,1,http://apk.support/app/com.fugu.MonsterTruck,MPDroid
307,Dandelion Live Wallpaper,Personalization,1,http://apk.support/app/com.androidwasabi.livewallpaper.dandelion,MPDroid
308,Baby Care - Track Baby Growth!,Medical,1,http://apk.support/app/com.luckyxmobile.babycare,MPDroid
309,Virtual USB(No Data Cable),Tools,1,http://apk.support/app/com.liuzb.ftp,MPDroid
310,QuickPic - Photo Gallery With Google Drive Support,Photography,1,http://apk.support/app/com.alensw.PicFolder,MPDroid
311,ByRead,Books & Reference,1,http://apk.support/app/com.byread.reader,MPDroid
312,Â∞çÂ∞çÁ¢∞ÂñÆÊ©üÈÅäÊà≤,Casual Games,1,http://apk.support/app/lqs.kaisi.gfddx,MPDroid
313,Shazam Encore,Music & Audio,1,http://apk.support/app/com.shazam.encore.android,MPDroid
314,CRadio,Music & Audio,1,http://apk.support/app/com.gongjin.cradio,MPDroid
315,DjvuDroid,Tools,1,http://apk.support/app/org.djvudroid,MPDroid
316,WiFi Keyboard,Tools,1,http://apk.support/app/com.volosyukivan,MPDroid
317,Counter Desert Strike,Arcade Games,1,http://apk.support/app/com.Company.desertStrike,MPDroid
318,,,0,http://apk.support/app/com.antutu.powersaver,MPDroid
319,Better Terminal Emulator Pro,Tools,1,http://apk.support/app/com.magicandroidapps.bettertermpro,MPDroid
320,LAST STAND : ZOMBIE,Arcade Games,1,http://apk.support/app/com.teamundead.laststandzombie,MPDroid
321,Age Of Warring Empire,Role Playing Games,1,http://apk.support/app/com.stac.empire.main,MPDroid
322,HiFont - Cool Fonts Text Free + Galaxy FlipFont,Personalization,1,http://apk.support/app/com.xinmei365.font,MPDroid
323,SeattleCloud,Tools,1,http://apk.support/app/com.qbiki.seattleclouds,MPDroid
324,Fishing Diary,Casual Games,1,http://apk.support/app/com.droidhen.fish,MPDroid
325,New Star Soccer,Sports Games,1,http://apk.support/app/com.newstargames.newstarsoccer,MPDroid
326,Alchemy,Puzzle Games,1,http://apk.support/app/me.zed_0xff.android.alchemy,MPDroid
327,Barnacle Wifi Tether,Communication,1,http://apk.support/app/net.szym.barnacle,MPDroid
328,Spring Live Wallpaper,Personalization,1,http://apk.support/app/com.pantherbean.spring,MPDroid
329,Public Speaking Tips For You,Business,1,http://apk.support/app/com.v1_4.BB655676DE917CA576A93E5B.com,MPDroid
330,Big Bang Fire!,Casual Games,1,http://apk.support/app/com.cybergate.bigbangfire,MPDroid
331,Pixel Towers,Casual Games,1,http://apk.support/app/com.thegreystudios.pixeltowers,MPDroid
332,Notice Battery Livewallpaper!!,Personalization,1,http://apk.support/app/jp.spr.adr.Prom_Live_Wallpaper_machi003,MPDroid
333,Pop Toy Shop,Puzzle Games,1,http://apk.support/app/com.dwintergame.forgetfulboy,MPDroid
334,Water Drop Live Wallpaper,Personalization,1,http://apk.support/app/com.androidwasabi.livewallpaper.waterdrop,MPDroid
335,Basketball Shoot,Sports Games,1,http://apk.support/app/com.game.basketballshoot,MPDroid
336,Nitro Trucks Racing,Sports Games,1,http://apk.support/app/com.moonglabs.nitrotrucksracing,MPDroid
337,Car Logo Quiz Advanced,Puzzle Games,1,http://apk.support/app/com.Hace.CarLogosQuizz,MPDroid
338,Legendary Heroes MOBA Offline,Role Playing Games,1,http://apk.support/app/im.maya.legendaryheroes,MPDroid
339,"GO SMS Pro - Messenger, Free Themes, Emoji",Communication,1,http://apk.support/app/com.jb.gosms,MPDroid
340,Darts 3D HD,Arcade Games,1,http://apk.support/app/air.com.gplus.DartsOut,MPDroid
341,RealCalc Scientific Calculator,Productivity,1,http://apk.support/app/uk.co.nickfines.RealCalc,MPDroid
342,Cache Clear -Auto Clean-,Tools,1,http://apk.support/app/cn.menue.cacheclear,MPDroid
343,Boxoid,Puzzle Games,1,http://apk.support/app/pepelapps.boxoid,MPDroid
344,Run To Fight,Arcade Games,1,http://apk.support/app/com.absologix.run,MPDroid
345,Clumsy Bird,Arcade Games,1,http://apk.support/app/com.seriouscorp.clumsybird,MPDroid
346,Crazy Jewel Line,Board Games,1,http://apk.support/app/com.lofty.game.lineklinegem,MPDroid
347,MELSW A-Translator Bronze,Education,1,http://apk.support/app/com.mel_a_trans,MPDroid
348,Minesweeper Classic (Mines),Puzzle Games,1,http://apk.support/app/com.itbenefit.android.Minesweeper,MPDroid
349,Gun Club 2  + OBB,Action Games,1,http://apk.support/app/com.nextgenreality.gunclub,MPDroid
350,,,0,http://apk.support/app/org.goodev.location,MPDroid
351,Jump Blob Jump,Racing Games,1,http://apk.support/app/com.invasionsoftware.jbj,MPDroid
352,TMNT: ROOFTOP RUN,Action Games,1,http://apk.support/app/com.mtvn.tmntrooftoprun,MPDroid
353,Battles And Castles,Puzzle Games,1,http://apk.support/app/com.eig.knights,MPDroid
354,,,0,http://apk.support/app/com.nianticproject.ingress,MPDroid
355,WiFi Mouse HD,Tools,1,http://apk.support/app/com.necta.wifimouse.HD,MPDroid
356,,,0,http://apk.support/app/com.part12studios.zen_hopper,MPDroid
357,Subway Surfers,Arcade Games,1,http://apk.support/app/com.kiloo.subwaysurf,MPDroid
358,"Mo Capture, Capture Silently",Entertainment,1,http://apk.support/app/com.silengold.mocapture,MPDroid
359,Learn Guitar Chords,Education,1,http://apk.support/app/com.alkalinelabs.learnguitarchords,MPDroid
360,Daily Show For Flickr,Entertainment,1,http://apk.support/app/com.roamingsoft.flickrdailyshow,MPDroid
361,Ringdroid,Video Players & Editors,1,http://apk.support/app/com.ringdroid,MPDroid
362,Earth Defender,Arcade Games,1,http://apk.support/app/com.defendtheearth,MPDroid
363,Adventure Land - Rogue Runner,Adventure Games,1,http://apk.support/app/br.com.tapps.adventureland,MPDroid
364,Trial Xtreme 3,Racing Games,1,http://apk.support/app/com.x3m.tx3,MPDroid
365,Facebook,Social,1,http://apk.support/app/com.facebook.katana,MPDroid
366,Apache Attack,Arcade Games,1,http://apk.support/app/com.tgb.hg,MPDroid
367,Angry Birds Space,Arcade Games,1,http://apk.support/app/com.rovio.angrybirdsspace.ads,MPDroid
368,,,0,http://apk.support/app/com.zulu_inc.ZULU,MPDroid
369,ISiege: Nuclear Option,Arcade Games,1,http://apk.support/app/com.pewpewentertainment,MPDroid
370,Block Rampage,Arcade Games,1,http://apk.support/app/com.spwebgames.blocks,MPDroid
371,Rage Meme Smasher FREE,Arcade Games,1,http://apk.support/app/com.grupoheron.memesmasher,MPDroid
372,Beautiful Battery Disc Widget,Tools,1,http://apk.support/app/pl.thalion.mobile.battery,MPDroid
373,Mypeople Messenger,Communication,1,http://apk.support/app/net.daum.android.air,MPDroid
374,Exact Online,Business,1,http://apk.support/app/com.exact,MPDroid
375,ContactPhoto,Tools,1,http://apk.support/app/std.grays.contactphoto,MPDroid
376,Valor,Action Games,1,http://apk.support/app/com.playmesh.valor,MPDroid
377,Truecaller: Caller ID & Spam Blocking,Communication,1,http://apk.support/app/com.truecaller,MPDroid
378,3D Alligator And Fish Pond LWP,Personalization,1,http://apk.support/app/com.threedmobileapps.threedgatorpondlwp,MPDroid
379,Awesome 3D Table Tennis,Sports Games,1,http://apk.support/app/com.gamophonica.tabletennis,MPDroid
380,,,0,http://apk.support/app/com.rupas.person,MPDroid
381,Calculator 28690,Communication,1,http://apk.support/app/CN.MyPrivateMessages,MPDroid
382,Ulysse Speedometer,Auto & Vehicles,1,http://apk.support/app/com.binarytoys.speedometer,MPDroid
383,,,0,http://apk.support/app/com.outfit7.talkingsantafree,MPDroid
384,Fake Alarm: Crazy Alarm Sounds,Casual Games,1,http://apk.support/app/mobi.borken.fakealarm,MPDroid
385,Kokok (meadow Country),Arcade Games,1,http://apk.support/app/com.mycompany.cocock_free,MPDroid
386,Monster Ride HD Pro,Racing Games,1,http://apk.support/app/air.timuzsolutions.monsterridehdpro,MPDroid
387,Cat War,Arcade Games,1,http://apk.support/app/com.westriversw.CatWar,MPDroid
388,Ifeng News -,News & Magazines,1,http://apk.support/app/com.ifeng.news2,MPDroid
389,Clash Of The Olympians,Arcade Games,1,http://apk.support/app/com.ironhide.games.clashoftheolympians,MPDroid
390,Innova File Explorer,Tools,1,http://apk.support/app/lee.drag,MPDroid
391,XyZ,Puzzle Games,1,http://apk.support/app/com.shadowguygames.xyz,MPDroid
392,CHAOS;HEAD NOAH,Adventure Games,1,http://apk.support/app/com.mages.chaos,MPDroid
393,Geometry Dash,Arcade Games,1,http://apk.support/app/com.robtopx.geometryjump,MPDroid
394,Bus Parking 3D,Puzzle Games,1,http://apk.support/app/com.gameshell.busparking3d,MPDroid
395,,,0,http://apk.support/app/jp.oneofthem.gotchawarriors,MPDroid
396,MiTalk Messenger,Social,1,http://apk.support/app/com.xiaomi.channel,MPDroid
397,Truck Driver Simulator Big Rig,Racing Games,1,http://apk.support/app/com.polyestergames.truckdriver,MPDroid
398,Dragon Travel,Travel & Local,1,http://apk.support/app/com.dragonpass.activity,MPDroid
399,DB Sound Meter/Noise Detector,Tools,1,http://apk.support/app/com.flyxapp.noisedetector,MPDroid
400,Cheat Droid ‚òÖ Root Only,Tools,1,http://apk.support/app/com.felixheller.sharedprefseditor,MPDroid
401,Talking Tom Cat 2  + OBB,Entertainment,1,http://apk.support/app/com.outfit7.talkingtom2free,MPDroid
402,Destroy Gunners SPŒ±,Action Games,1,http://apk.support/app/jp.shade.DGunsSPF,MPDroid
403,Body Scanner Free Prank,Entertainment,1,http://apk.support/app/atticlab.bodyscanner,MPDroid
404,Untangle Me Free,Casual Games,1,http://apk.support/app/softkos.untangleme,MPDroid
405,Baby Learn ABCs Children Games,Educational Games,1,http://apk.support/app/com.babywhere.learnabc,MPDroid
406,Split Pic 2.0 - Clone Yourself,Photography,1,http://apk.support/app/com.rosberry.splitpic.newproject,MPDroid
407,Impossible Escape 3D,Adventure Games,1,http://apk.support/app/com.dumadugames.impossibleescape,MPDroid
408,Anti SMS Spam & Private Box,Communication,1,http://apk.support/app/org.baole.app.antismsspam,MPDroid
409,Ultimate Voice Recorder By Fingertip Access LLC,Productivity,1,http://apk.support/app/com.fingertipaccess.ultimatevr,MPDroid
410,Cordy,Arcade Games,1,http://apk.support/app/com.silvertree.cordy,MPDroid
411,Light Grid Live Wallpaper,Personalization,1,http://apk.support/app/com.joko.lightgrid,MPDroid
412,Gallery Lock (Hide Pictures),Tools,1,http://apk.support/app/com.morrison.gallerylocklite,MPDroid
413,Fruit Lianliankan,Puzzle Games,1,http://apk.support/app/cn.zhong.like.yun,MPDroid
414,Downhill Xtreme,Sports Games,1,http://apk.support/app/com.distinctivegames.longboard,MPDroid
415,BLACKJACK!,Casino Games,1,http://apk.support/app/com.genina.android.blackjack.view,MPDroid
416,Angry Gran Run - Running Game,Racing Games,1,http://apk.support/app/com.aceviral.angrygranrun,MPDroid
417,AppMonster Pro Backup Restore,Tools,1,http://apk.support/app/com.think_android.appmanagerpro,MPDroid
418,CrazySight--All China Scenic,Travel & Local,1,http://apk.support/app/com.meishixing.crazysight,MPDroid
419,Ringtone Maker - Create Free Ringtones From Music,Personalization,1,http://apk.support/app/com.herman.ringtone,MPDroid
420,,,0,http://apk.support/app/com.tribok.android.livewallpaper.icswallpaper,MPDroid
421,Cars And Guns 3D FREE,Racing Games,1,http://apk.support/app/com.eig.carsandguns,MPDroid
422,,,0,http://apk.support/app/me.mizhuan,MPDroid
423,,,0,http://apk.support/app/com.vivchar.LittleTiger,MPDroid
424,Trainer Memory & Attention,Entertainment,1,http://apk.support/app/com.pansoft.concentration,MPDroid
425,Animal Shows,Educational Games,1,http://apk.support/app/com.sinyee.babybus.circus,MPDroid
426,,,0,http://apk.support/app/com.com2us.nipb2011.adfree.google,MPDroid
427,Dominoes Online Free,Card Games,1,http://apk.support/app/domino.reznic.net,MPDroid
428,Cut The Rope: Experiments,Puzzle Games,1,http://apk.support/app/com.zeptolab.ctrexperiments.google.paid,MPDroid
429,Geoptima,Communication,1,http://apk.support/app/com.AmanziTel.Geoptima,MPDroid
430,Assistant For Android,Productivity,1,http://apk.support/app/com.advancedprocessmanager,MPDroid
431,Prize Claw Seasons,Puzzle Games,1,http://apk.support/app/com.gamecircus.PrizeClawSeasons,MPDroid
432,Adobe Photoshop Express:Photo Editor Collage Maker,Photography,1,http://apk.support/app/com.adobe.psmobile,MPDroid
433,,,0,http://apk.support/app/com.nhncorp.skundeadgr,MPDroid
434,Baby Where - Children's Games,Educational Games,1,http://apk.support/app/com.babywhere.paradise,MPDroid
435,Highway Rally: Fast Car Racing,Racing Games,1,http://apk.support/app/com.spilgames.highwayrally,MPDroid
436,Street Cricket,Sports Games,1,http://apk.support/app/com.nextwave.StreetCricketFree,MPDroid
437,Butterflies LWP,Personalization,1,http://apk.support/app/com.pansoft.butterflieslite,MPDroid
438,BlueDict,Books & Reference,1,http://apk.support/app/cn.ssdl.bluedict,MPDroid
439,Doodle Bubble Pro,Casual Games,1,http://apk.support/app/doodle.bubblepro,MPDroid
440,9-Ball Pool Billard Profi Lite,Sports Games,1,http://apk.support/app/com.dutyfarm.billard,MPDroid
441,ShareMoreTransport,Maps & Navigation,1,http://apk.support/app/com.sharemore.nfc.transport,MPDroid
442,Army Sniper: Mountain Strike,Arcade Games,1,http://apk.support/app/com.Company.montaSniper,MPDroid
443,KakaoTalk: Free Calls & Text,Communication,1,http://apk.support/app/com.kakao.talk,MPDroid
444,EPL Live: English Premier League Scores And Stats,Sports,1,http://apk.support/app/english.premier.live,MPDroid
445,FreePP,Communication,1,http://apk.support/app/com.browan.freeppmobile.android,MPDroid
446,Can Knockdown 3,Arcade Games,1,http://apk.support/app/pl.idreams.CanKnockdown3,MPDroid
447,Pinball Pro,Board Games,1,http://apk.support/app/com.PinballGame,MPDroid
448,WiFi Connection Manager,Tools,1,http://apk.support/app/com.roamingsoft.manager,MPDroid
449,Catch The Candy By HeroCraft Ltd,Casual Games,1,http://apk.support/app/com.herocraft.game.catchthecandy,MPDroid
450,Protoxide: Death Race,Racing Games,1,http://apk.support/app/com.herocraft.game.protoxide,MPDroid
451,ColorLights,Tools,1,http://apk.support/app/com.socialnmobile.flashlight,MPDroid
452,MultiPicture Live Wallpaper,Personalization,1,http://apk.support/app/org.tamanegi.wallpaper.multipicture,MPDroid
453,Goldfish Collection,Casual Games,1,http://apk.support/app/com.crossfield.goldfish,MPDroid
454,Skitch - Snap. Mark Up. Send.,Productivity,1,http://apk.support/app/com.evernote.skitch,MPDroid
455,Galaxy Charging Current Pro,Tools,1,http://apk.support/app/com.abmantis.galaxychargingcurrent,MPDroid
456,Save The Bird,Arcade Games,1,http://apk.support/app/com.roidgame.SaveBirds,MPDroid
457,ZombieBooth,Entertainment,1,http://apk.support/app/com.motionportrait.ZombieBooth,MPDroid
458,My Remote Phone,Tools,1,http://apk.support/app/com.innovationdroid.myremotephone,MPDroid
459,Mirror - Zoom & Exposure -,Beauty,1,http://apk.support/app/com.barilab.handmirror.googlemarket,MPDroid
460,Modern Combat 3: Fallen Nation,Action Games,1,http://apk.support/app/com.gameloft.android.ANMP.GloftM3HM,MPDroid
461,Tom Loves Angela,Entertainment,1,http://apk.support/app/com.outfit7.tomlovesangelafree,MPDroid
462,Smart AppLock  (App Protect),Tools,1,http://apk.support/app/com.thinkyeah.smartlockfree,MPDroid
463,MelonFriends ÁìúÊ£ö,Social,1,http://apk.support/app/com.melonsail.app.melonfriends,MPDroid
464,GIF Camera,Photography,1,http://apk.support/app/com.listen5.gif,MPDroid
465,Store Coupons,Shopping,1,http://apk.support/app/appinventor.ai_freebies_freesamples_coupons.StoreCoupons,MPDroid
466,Pool Mania,Casual Games,1,http://apk.support/app/com.game.PoolMania,MPDroid
467,Youni,Social,1,http://apk.support/app/com.snda.youni,MPDroid
468,Redline Rush: Police Chase Racing  + OBB,Racing Games,1,http://apk.support/app/com.crescentmoongames.redline_rush,MPDroid
469,,,0,http://apk.support/app/ithink.com.fingerprintlock,MPDroid
470,Man Vs Rocks,Arcade Games,1,http://apk.support/app/com.clements.gdx.manvsrocks,MPDroid
471,Ant Smasher,Arcade Games,1,http://apk.support/app/com.bestcoolfungames.antsmasher,MPDroid
472,,,0,http://apk.support/app/com.sysapk.game.nstar,MPDroid
473,Bee Live Wallpaper,Personalization,1,http://apk.support/app/com.bestlwp.bee,MPDroid
474,My Boo: Your Virtual Pet Game To Care And Play,Educational Games,1,http://apk.support/app/br.com.tapps.myboo,MPDroid
475,PLANET VICTOR,Adventure Games,1,http://apk.support/app/coma.PlanetVictor,MPDroid
476,Dirt Road Trucker 3D,Racing Games,1,http://apk.support/app/com.integer3d.dirtroadtrucker,MPDroid
477,Treasures Of Montezuma 2,Puzzle Games,1,http://apk.support/app/com.herocraft.game.montezuma2,MPDroid
478,World Heritage In Mexico,Tools,1,http://apk.support/app/com.qizhi.worldheritageme,MPDroid
479,Carnival Of Horrors Lite,Arcade Games,1,http://apk.support/app/com.alkilabs.hauntedcarnival,MPDroid
480,Talking Ben The Dog,Entertainment,1,http://apk.support/app/com.outfit7.talkingben,MPDroid
481,Jelly Band,Entertainment,1,http://apk.support/app/pl.idreams.jellyband,MPDroid
482,Carrefour Shopping Guide,Shopping,1,http://apk.support/app/com.neusoft.carrefour,MPDroid
483,Magic Match - Matching-3 Game,Puzzle Games,1,http://apk.support/app/br.com.tapps.magicmatch,MPDroid
484,World Cricket Championship  Lt,Sports Games,1,http://apk.support/app/com.nextwave.wcc_lt,MPDroid
485,Rose. Magic Touch Flowers,Personalization,1,http://apk.support/app/pl.infinzmedia.rosefree,MPDroid
486,Twin Calculator,Productivity,1,http://apk.support/app/jp.co.kixx.tool.twincalc,MPDroid
487,Smart Tools,Tools,1,http://apk.support/app/kr.aboy.tools,MPDroid
488,Shoot Bubble Deluxe,Puzzle Games,1,http://apk.support/app/com.shootbubble.bubbledexlue,MPDroid
489,Kugou Music,Music & Audio,1,http://apk.support/app/com.kugou.android,MPDroid
490,Animals Vs Zombies Defense,Casual Games,1,http://apk.support/app/com.PGSoul.RanchWarriorsGP,MPDroid
491,,,0,http://apk.support/app/com.vivchar.Goldfish,MPDroid
492,Rotate To Win,Puzzle Games,1,http://apk.support/app/ru.nail.android,MPDroid
493,Slot Machine - Multi BetLine,Casino Games,1,http://apk.support/app/com.ts.multislot,MPDroid
494,Order & Chaos Online 3D MMORPG  + OBB,Role Playing Games,1,http://apk.support/app/com.gameloft.android.ANMP.GloftMMHM,MPDroid
495,Sokoban Garden 3D,Puzzle Games,1,http://apk.support/app/net.kivano.sokobangarden,MPDroid
496,Barcode Scanner,Shopping,1,http://apk.support/app/com.google.zxing.client.android,MPDroid
497,Jump De Coins,Arcade Games,1,http://apk.support/app/jp.marge.android.jumpdecoin,MPDroid
498,Screenshot,Tools,1,http://apk.support/app/com.geeksoft.screenshot,MPDroid
499,Wifi Connecter Library,Libraries & Demo,1,http://apk.support/app/com.farproc.wifi.connecter,MPDroid
500,Engineer Mode Test Tool,Tools,1,http://apk.support/app/com.ponphy.engineermode,MPDroid
501,Bulldozer Driving 3D Simulator,Arcade Games,1,http://apk.support/app/com.advancedtinylab.bulldozer,MPDroid
502,Apk Manager,Tools,1,http://apk.support/app/aMao.apkManager,MPDroid
503,Root App Deleter,Tools,1,http://apk.support/app/zsj.android.systemappremover,MPDroid
504,Talking Pierre The Parrot,Entertainment,1,http://apk.support/app/com.outfit7.talkingpierrefree,MPDroid
505,Pig Attack,Casual Games,1,http://apk.support/app/com.inspirednotion.pigattack,MPDroid
506,PinCity,Puzzle Games,1,http://apk.support/app/com.tothezeroth.pincity,MPDroid
507,Strike Fighters  + OBB,Simulation Games,1,http://apk.support/app/com.ThirdWire.StrikeFightersAndroid,MPDroid
508,Root FileManager,Tools,1,http://apk.support/app/com.dota.easyfilemanager,MPDroid
509,ÂíåËÆØËÇ°Á•®,Finance,1,http://apk.support/app/com.hexun.mobile,MPDroid
510,Float View Network Monitor,Productivity,1,http://apk.support/app/sd.floatview,MPDroid
511,Yisou Video,Video Players & Editors,1,http://apk.support/app/com.yitao.yisou,MPDroid
512,AudioManager,Music & Audio,1,http://apk.support/app/com.smartandroidapps.audiowidget,MPDroid
513,2048 Number Puzzle Game,Puzzle Games,1,http://apk.support/app/com.estoty.game2048,MPDroid
514,BusyBox,Tools,1,http://apk.support/app/stericson.busybox,MPDroid
515,Minesweeper,Puzzle Games,1,http://apk.support/app/Draziw.Button.Mines,MPDroid
516,SimAssist,Tools,1,http://apk.support/app/name.dohkoos.simassist,MPDroid
517,Gravity Simulator Alpha,Education,1,http://apk.support/app/com.prowlsystems.android,MPDroid
518,Jeff The Killer: Nightmare,Adventure Games,1,http://apk.support/app/antoninotruisi.whitethunderproductions.jeff1free,MPDroid
519,,,0,http://apk.support/app/com.flyxapp.voicx,MPDroid
520,Galactic,Arcade Games,1,http://apk.support/app/com.DreamHarvesters.Galactic,MPDroid
521,Dragon Fantasy 8-bit RPG,Role Playing Games,1,http://apk.support/app/com.mutekicorp.DragonFantasy,MPDroid
522,Crazy Larva Run,Trivia Games,1,http://apk.support/app/mobi.escapemobile.game.crazylarvarun,MPDroid
523,,,0,http://apk.support/app/com.durow,MPDroid
524,One Touch Battery Saver,Tools,1,http://apk.support/app/cn.menue.batterysave.international,MPDroid
525,HD Video Player,Video Players & Editors,1,http://apk.support/app/com.elift.hdplayer,MPDroid
526,Hero Of The Arena,Arcade Games,1,http://apk.support/app/com.burningbear.hota,MPDroid
527,"Free WiFi App: WiFi Map, Passwords, Hotspots",Tools,1,http://apk.support/app/com.osmino.wifil,MPDroid
528,,,0,http://apk.support/app/com.app.SGcalendarEvent,MPDroid
529,Super Stickman Golf,Sports Games,1,http://apk.support/app/com.noodlecake.ssg,MPDroid
530,Bookari Ebook Reader Premium,Books & Reference,1,http://apk.support/app/com.mantano.reader.android,MPDroid
531,Temple Jewels,Puzzle Games,1,http://apk.support/app/com.mopower.collider.jewels,MPDroid
532,Tiny Flashlight + LED,Tools,1,http://apk.support/app/com.devuni.flashlight,MPDroid
533,Zozo Calendar,Tools,1,http://apk.support/app/com.lgl.calendar,MPDroid
534,SD Card File Explorer WIFI,Business,1,http://apk.support/app/me.jetho.fileexplorer,MPDroid
535,Virtual Goaltender,Sports Games,1,http://apk.support/app/com.SierraLimaSoftware.VirtualGoaltender,MPDroid
536,Learn Photoshop - Free,Education,1,http://apk.support/app/com.wPremiumPhotoshopTutorials,MPDroid
537,"Brightest Flashlight - LED Light, Call Screen",Tools,1,http://apk.support/app/com.intellectualflame.ledflashlight.washer,MPDroid
538,Need For Speed Most Wanted,Racing Games,1,http://apk.support/app/com.ea.games.nfs13_na,MPDroid
539,Fingerboard: Skateboard Pro,Sports Games,1,http://apk.support/app/com.rebelnow.fingerboardpro,MPDroid
540,[root] Triangle Away,Tools,1,http://apk.support/app/eu.chainfire.triangleaway,MPDroid
541,FallDown 3D,Action Games,1,http://apk.support/app/hu.javaforum.android.falldown,MPDroid
542,Angry Monkey,Arcade Games,1,http://apk.support/app/com.tgb.kingkong,MPDroid
543,AppInstaller App Manager,Tools,1,http://apk.support/app/com.app.installer,MPDroid
544,Burning Wheels 3D Racing,Racing Games,1,http://apk.support/app/com.dvbgames.burningwheels,MPDroid
545,Craft Your Landscape,Personalization,1,http://apk.support/app/com.zr.minecraft.landscape,MPDroid
546,Puzzle Ball Plus,Puzzle Games,1,http://apk.support/app/www.eidolonstudiocasee.puzzleBall,MPDroid
547,System Info For Android,Productivity,1,http://apk.support/app/com.electricsheep.asi,MPDroid
548,,,0,http://apk.support/app/com.guobi.winguo.hybrid3,MPDroid
549,Pocket Empires Online,Strategy Games,1,http://apk.support/app/com.miracle.android.pe,MPDroid
550,Surfing Beaver,Arcade Games,1,http://apk.support/app/com.bentostudio.squid,MPDroid
551,Human Anatomy Atlas,Education,1,http://apk.support/app/com.argosy.vbandroid,MPDroid
552,Devil's Ride,Racing Games,1,http://apk.support/app/air.timuzsolutions.devilsride,MPDroid
553,ISPConfig Monitor,Tools,1,http://apk.support/app/org.ispconfig.monitor,MPDroid
554,Language Translate,Productivity,1,http://apk.support/app/com.uc.addon.translatori18n,MPDroid
555,ProcessManager Full Version,Tools,1,http://apk.support/app/com.curvefish.apps.processmanager,MPDroid
556,Network Monitor,Tools,1,http://apk.support/app/com.aob.android.mnm,MPDroid
557,Talking Friend Spooni FREE FUN,Entertainment,1,http://apk.support/app/com.brave.talkingspoony,MPDroid
558,My Talking Tom,Casual Games,1,http://apk.support/app/com.outfit7.mytalkingtomfree,MPDroid
559,All In One Gestures,Tools,1,http://apk.support/app/com.phoenixstudios.aiogestures,MPDroid
560,GYRO,Arcade Games,1,http://apk.support/app/pl.submachine.gyro,MPDroid
561,Wallpaper AutoSet,Tools,1,http://apk.support/app/com.aws.WallpaperAutoSet,MPDroid
562,Animal Sounds For Kids,Educational Games,1,http://apk.support/app/com.codefrag.zooanimals,MPDroid
563,Base Jumping2,Casual Games,1,http://apk.support/app/com.Base_Jumping,MPDroid
564,Ghost Prank Photo Frame,Photography,1,http://apk.support/app/com.flyxapp.ghostprankphotoframe,MPDroid
565,Hockey Nations 2010,Sports Games,1,http://apk.support/app/com.distdevs.hockeynations10us,MPDroid
566,SMS Tracker (TM),Communication,1,http://apk.support/app/com.gizmoquip.smstracker,MPDroid
567,Cache Cleaner-DU Speed Booster (booster & Cleaner),Tools,1,http://apk.support/app/com.dianxinos.optimizer.duplay,MPDroid
568,Fruits Crush,Arcade Games,1,http://apk.support/app/com.artematica.fruitcrush,MPDroid
569,Block Warfare,Arcade Games,1,http://apk.support/app/ite.blockwarfareckwarfare,MPDroid
570,Wifi Analyzer,Tools,1,http://apk.support/app/com.farproc.wifi.analyzer,MPDroid
571,Cartoon Photo,Photography,1,http://apk.support/app/com.cartoon.android,MPDroid
572,Indian Caller Info,Tools,1,http://apk.support/app/ardent.androidapps.callerinfo.views,MPDroid
573,Play Tennis,Sports Games,1,http://apk.support/app/com.clapfootgames.tennis,MPDroid
574,Full Screen Caller ID,Communication,1,http://apk.support/app/tw.nicky.HDCallerID,MPDroid
575,Monster Truck Destruction‚Ñ¢  + OBB,Racing Games,1,http://apk.support/app/au.com.oddgames.monstertruckdestruction,MPDroid
576,Tekken Card Tournament (CCG)  + OBB,Card Games,1,http://apk.support/app/eu.namcobandaigames.tekkencard,MPDroid
577,Aqua Mail Pro,Business,1,http://apk.support/app/org.kman.AquaMail.UnlockerMarket,MPDroid
578,,,0,http://apk.support/app/com.quiz,MPDroid
579,,,0,http://apk.support/app/com.camelgames.blowup,MPDroid
580,EasyOneClick,Tools,1,http://apk.support/app/com.dota.easy.oneclick,MPDroid
581,Die Or Kill,Arcade Games,1,http://apk.support/app/com.zennstudios.android.DOK,MPDroid
582,Advanced Task Killer,Productivity,1,http://apk.support/app/com.rechild.advancedtaskkiller,MPDroid
583,Call-Timer,Communication,1,http://apk.support/app/ctsoft.androidapps.calltimer,MPDroid
584,Locale,Business,1,http://apk.support/app/com.twofortyfouram.locale,MPDroid
585,Fishing By Bobber,Sports Games,1,http://apk.support/app/screensoft.fishgame,MPDroid
586,Space STG II - Death Rain,Strategy Games,1,http://apk.support/app/org.ovh.grzegorzaeSTG2,MPDroid
587,Root Explorer,Productivity,1,http://apk.support/app/com.speedsoftware.rootexplorer,MPDroid
588,Advanced Download Manager & Torrent Downloader,Tools,1,http://apk.support/app/com.dv.adm,MPDroid
589,IP Cam Viewer Lite,Tools,1,http://apk.support/app/com.rcreations.ipcamviewer,MPDroid
590,Advanced Task Manager By Arron La,Tools,1,http://apk.support/app/com.arron.taskManager,MPDroid
591,TTPhoto - So Easy Gallery,Tools,1,http://apk.support/app/com.ttpicture.android,MPDroid
592,Voodoo Live Wallpaper,Personalization,1,http://apk.support/app/ee.android.trilena.voodoolivewallpaper,MPDroid
593,Real Pool 3D,Sports Games,1,http://apk.support/app/com.eivaagames.RealPool3D,MPDroid
594,Ninesky Browser,Communication,1,http://apk.support/app/com.ninesky.browser,MPDroid
595,,,0,http://apk.support/app/com.ponphy.miuiflashlight,MPDroid
596,Jota Text Editor,Tools,1,http://apk.support/app/jp.sblo.pandora.jota,MPDroid
597,,,0,http://apk.support/app/com.bendroid.mystique1,MPDroid
598,Robotic Space Rock,Casual Games,1,http://apk.support/app/com.gp.monolith,MPDroid
599,Velox 3D,Racing Games,1,http://apk.support/app/com.galakau.veloxfull,MPDroid
600,ToolWiz Cleaner (Speedup),Tools,1,http://apk.support/app/com.toolwiz.clean,MPDroid
601,[QR Code] Barcode Reader,Tools,1,http://apk.support/app/cn.menue.barcodescanner,MPDroid
602,,,0,http://apk.support/app/com.fictionware.iDaTank,MPDroid
603,AnyCut,Tools,1,http://apk.support/app/com.spring.bird.anycut,MPDroid
604,Buenos Aires Guide Hotels Map,Travel & Local,1,http://apk.support/app/com.ft451.buenosaires,MPDroid
605,,,0,http://apk.support/app/com.alawar.tankobox,MPDroid
606,,,0,http://apk.support/app/com.mobileuncle.toolbox,MPDroid
607,Advanced Permission Manager,Tools,1,http://apk.support/app/com.gmail.heagoo.pmaster,MPDroid
608,GirlsCamera Lite,Photography,1,http://apk.support/app/jp.gmo_media.decoproject,MPDroid
609,"1Weather: Forecasts, Widgets, Snow Alerts & Radar",Weather,1,http://apk.support/app/com.handmark.expressweather,MPDroid
610,,,0,http://apk.support/app/com.chaozh.iReaderFree,MPDroid
611,Ski Jumping Pro  + OBB,Sports Games,1,http://apk.support/app/com.vividgames.skijumping2012,MPDroid
612,Funny Voice Changer,Entertainment,1,http://apk.support/app/com.poptools.voice.changer,MPDroid
613,Drag Racing,Racing Games,1,http://apk.support/app/com.creativemobile.DragRacing,MPDroid
614,A Comic Viewer,Comics,1,http://apk.support/app/net.androidcomics.acv,MPDroid
615,Lock Now Free,Tools,1,http://apk.support/app/jp.hamachi.android.locknowfree,MPDroid
616,Juicy Live Wallpaper,Personalization,1,http://apk.support/app/com.pansoft.juice,MPDroid
617,Bunny Skater,Adventure Games,1,http://apk.support/app/com.dq.zombieskater.main,MPDroid
618,,,0,http://apk.support/app/com.mlgip.gip,MPDroid
619,Mobiwol: NoRoot Firewall,Tools,1,http://apk.support/app/com.netspark.firewall,MPDroid
620,Go Keyboard GridX,Personalization,1,http://apk.support/app/com.jb.gokeyboard.theme.gridx,MPDroid
621,Top Eleven 2021: Be A Soccer Manager,Sports Games,1,http://apk.support/app/eu.nordeus.topeleven.android,MPDroid
622,Pretty Pink Roses Live Wallpap,Personalization,1,http://apk.support/app/com.custom.lwp.AHDPrettyPinkRoses,MPDroid
623,Empire Defense II,Strategy Games,1,http://apk.support/app/gts.td2.am.full,MPDroid
624,Face Changer,Entertainment,1,http://apk.support/app/com.scoompa.facechanger,MPDroid
625,,,0,http://apk.support/app/com.bestnewgameapp.battlesubsandroid,MPDroid
626,,,0,http://apk.support/app/com.sunlightgames.AlpineTrailFull,MPDroid
627,ASTRO File Manager: Storage Organizer & Cleaner,Productivity,1,http://apk.support/app/com.metago.astro,MPDroid
628,Phone Book ConTacTs,Tools,1,http://apk.support/app/com.brainworks.contacts,MPDroid
629,Banana Joes Free,Arcade Games,1,http://apk.support/app/com.mapi.bjoes,MPDroid
630,Daisy Flower Live Wallpaper,Personalization,1,http://apk.support/app/com.xllusion.livewallpaper.daisy,MPDroid
631,Sci-Fi Heroes,Arcade Games,1,http://apk.support/app/com.majescoentertainment.scifiheroes,MPDroid
632,Fruit Candy,Casual Games,1,http://apk.support/app/com.underwater.candyjuice,MPDroid
633,Basketball Throw,Casual Games,1,http://apk.support/app/com.puissantapps.basketball.free,MPDroid
634,Gear Jack,Arcade Games,1,http://apk.support/app/com.forestmoongames.gearjack,MPDroid
635,Law Of Attraction And Wealth,Lifestyle,1,http://apk.support/app/com.lawofattractionx,MPDroid
636,Catventure Puzzle,Puzzle Games,1,http://apk.support/app/com.pozemka.catventure,MPDroid
637,Bunny Maze HD,Arcade Games,1,http://apk.support/app/com.eyelead.bunnymazehd,MPDroid
638,Renju,Board Games,1,http://apk.support/app/com.gobang.admob,MPDroid
639,Tuner - GStrings Free,Tools,1,http://apk.support/app/org.cohortor.gstrings,MPDroid
640,,,0,http://apk.support/app/com.carin.earthlivewallpaper,MPDroid
641,Circle Ball,Arcade Games,1,http://apk.support/app/gch.android.game.circelballs,MPDroid
642,Ski Safari,Arcade Games,1,http://apk.support/app/com.DefiantDev.SkiSafari,MPDroid
643,,,0,http://apk.support/app/com.fullfat.android.golfextreme,MPDroid
644,One Touch Drawing,Puzzle Games,1,http://apk.support/app/com.ecapycsw.onetouchdrawing,MPDroid
645,Defend The Bunker,Arcade Games,1,http://apk.support/app/com.appon.defendthebunker,MPDroid
646,NinJump,Arcade Games,1,http://apk.support/app/com.bfs.ninjump,MPDroid
647,Hill Climb Racing,Racing Games,1,http://apk.support/app/com.fingersoft.hillclimb,MPDroid
648,Dice Heroes,Strategy Games,1,http://apk.support/app/com.vlaaad.dice,MPDroid
649,Paddle Bounce,Sports Games,1,http://apk.support/app/net.droidstick.pingpong,MPDroid
650,Happy Rainbow (Coin Pitch),Casual Games,1,http://apk.support/app/com.sohomob.happyrainbow,MPDroid
651,Bingo Jungle,Casino Games,1,http://apk.support/app/com.sigmagame.bingojungle,MPDroid
652,[3D RPG] Dungeon&Knight Plus,Arcade Games,1,http://apk.support/app/com.hotdog.DarkShrine,MPDroid
653,AndVOA,Productivity,1,http://apk.support/app/cn.yo2.aquarium.pocketvoa,MPDroid
654,Wheeljoy,Arcade Games,1,http://apk.support/app/com.caresilabs.wheeljoy.free,MPDroid
655,"Run, Boy, Run",Arcade Games,1,http://apk.support/app/ca.rivalstudios.runboyrun,MPDroid
656,Water Pipes,Puzzle Games,1,http://apk.support/app/cn.bluesky.waterpipes,MPDroid
657,,,0,http://apk.support/app/cn.com.opda.android.clearmaster,MPDroid
658,PhotoWonder: Pro Beauty Photo Editor&Collage Maker,Photography,1,http://apk.support/app/cn.jingling.motu.photowonder,MPDroid
659,,,0,http://apk.support/app/cn.opda.android.activity,MPDroid
660,,,0,http://apk.support/app/com.aijiaoyou.android.sipphone,MPDroid
661,,,0,http://apk.support/app/com.AmazingBullshit.HolyFuckingBible,MPDroid
662,,,0,http://apk.support/app/com.androidesk,MPDroid
663,,,0,http://apk.support/app/com.androidesk.livewallpaper,MPDroid
664,,,0,http://apk.support/app/com.applock1,MPDroid
665,Steamy Window,Simulation Games,1,http://apk.support/app/com.appspot.swisscodemonkeys.steam,MPDroid
666,,,0,http://apk.support/app/com.averscer.timecubefree,MPDroid
667,,,0,http://apk.support/app/com.backstone.instant.collage,MPDroid
668,,,0,http://apk.support/app/com.bobgame.chickenrun2,MPDroid
669,,,0,http://apk.support/app/com.camelgames.hyperjump,MPDroid
670,,,0,http://apk.support/app/com.camelgames.mxmotor,MPDroid
671,,,0,http://apk.support/app/com.chenghaicys.majiang,MPDroid
672,,,0,http://apk.support/app/com.chillgame.farmers,MPDroid
673,,,0,http://apk.support/app/com.computertimeco.android.alienspresident,MPDroid
674,Mini Shot Basketball,Sports Games,1,http://apk.support/app/com.computertimeco.minishot.android,MPDroid
675,,,0,http://apk.support/app/com.darenzhuan.android,MPDroid
676,,,0,http://apk.support/app/com.datacomo.mc.spider.android,MPDroid
677,,,0,http://apk.support/app/com.dis.torch,MPDroid
678,,,0,http://apk.support/app/com.dockoo.dockooReader,MPDroid
679,,,0,http://apk.support/app/com.dray.easyuninstall,MPDroid
680,,,0,http://apk.support/app/com.dreamstep.walfisti,MPDroid
681,Falldown 27055,Racing Games,1,http://apk.support/app/com.droidhen.falldown,MPDroid
682,App Master(Uninstall Master),Tools,1,http://apk.support/app/com.droidware.uninstallmaster,MPDroid
683,Screenshot It,Tools,1,http://apk.support/app/com.edwardkim.android.screenshotitfull,MPDroid
684,Droid Jump,Racing Games,1,http://apk.support/app/com.electricsheep.dj,MPDroid
685,ES File Explorer File Manager,Productivity,1,http://apk.support/app/com.estrongs.android.pop,MPDroid
686,,,0,http://apk.support/app/com.firstlogix.FriendPlay,MPDroid
687,Hunt Birds,Casual Games,1,http://apk.support/app/com.flyfish.huntbird,MPDroid
688,,,0,http://apk.support/app/com.fywork.fruitLink,MPDroid
689,Soccer Jump,Arcade Games,1,http://apk.support/app/com.gamespill.soccerjump,MPDroid
690,,,0,http://apk.support/app/com.gamevil.bs2010,MPDroid
691,,,0,http://apk.support/app/com.gker.five,MPDroid
692,,,0,http://apk.support/app/com.godguy.android.mctools,MPDroid
693,,,0,http://apk.support/app/com.gp.jaro,MPDroid
694,,,0,http://apk.support/app/com.gp.jewels,MPDroid
695,,,0,http://apk.support/app/com.gui.gui.chen.flash,MPDroid
696,,,0,http://apk.support/app/com.handcn.GoldMiner.free,MPDroid
697,,,0,http://apk.support/app/com.handson.saboteur,MPDroid
698,,,0,http://apk.support/app/com.happylife.multimedia.image,MPDroid
699,,,0,http://apk.support/app/com.hnmoma.driftbottle,MPDroid
700,Taximeter,Maps & Navigation,1,http://apk.support/app/com.hyxen.taximeter.app,MPDroid
701,,,0,http://apk.support/app/com.igllc.reign,MPDroid
702,Walk And Text ( Type N Walk ),Communication,1,http://apk.support/app/com.incorporateapps.walktext,MPDroid
703,CamScanner - Scanner To Scan PDF,Productivity,1,http://apk.support/app/com.intsig.camscanner,MPDroid
704,,,0,http://apk.support/app/com.kiwilwp.livewallpaper.galaxys4,MPDroid
705,X-plore File Manager,Tools,1,http://apk.support/app/com.lonelycatgames.Xplore,MPDroid
706,Robo Defense,Arcade Games,1,http://apk.support/app/com.magicwach.rdefense,MPDroid
707,,,0,http://apk.support/app/com.mango.flashlight,MPDroid
708,,,0,http://apk.support/app/com.mango.screentest,MPDroid
709,,,0,http://apk.support/app/com.manu.ipc,MPDroid
710,,,0,http://apk.support/app/com.marvinapps.fastercharger,MPDroid
711,,,0,http://apk.support/app/com.mdb.android.electricshaver,MPDroid
712,,,0,http://apk.support/app/com.mechanics.engine,MPDroid
713,Zilch Free (dice Game),Casual Games,1,http://apk.support/app/com.mibollma.zilchR2,MPDroid
714,,,0,http://apk.support/app/com.micrograss.free.CrazyBall,MPDroid
715,,,0,http://apk.support/app/com.minerhao.datou,MPDroid
716,,,0,http://apk.support/app/com.mirasoftapps.wcharger,MPDroid
717,,,0,http://apk.support/app/com.mm.plugins.contactsprotect.phoneintercept1,MPDroid
718,,,0,http://apk.support/app/com.mm.security.androidhider1,MPDroid
719,,,0,http://apk.support/app/com.moon.testscreen,MPDroid
720,,,0,http://apk.support/app/com.myapp.tongyao,MPDroid
721,Netflix,Entertainment,1,http://apk.support/app/com.netflix.mediaclient,MPDroid
722,,,0,http://apk.support/app/com.nick.love.calculator.test,MPDroid
723,,,0,http://apk.support/app/com.noisysounds,MPDroid
724,Coin Pirates,Casino Games,1,http://apk.support/app/com.nubee.coinpirates,MPDroid
725,Princess Makeup & Makeover Spa,Casual Games,1,http://apk.support/app/com.nuttyapps.become.princess,MPDroid
726,Crazy Corns 3D HD Free,Arcade Games,1,http://apk.support/app/com.oe.crazycorns,MPDroid
727,,,0,http://apk.support/app/com.paojiao.youxia,MPDroid
728,Yams By Transy,Card Games,1,http://apk.support/app/com.ps.yams,MPDroid
729,,,0,http://apk.support/app/com.rangfei.invisibility,MPDroid
730,2048Millionaire,Casual Games,1,http://apk.support/app/com.rao.loveyy.millionaire,MPDroid
731,Replica Island,Arcade Games,1,http://apk.support/app/com.replica.replicaisland,MPDroid
732,,,0,http://apk.support/app/com.requiem.armoredStrike,MPDroid
733,,,0,http://apk.support/app/com.rocksalt.roadkillx,MPDroid
734,AFM (Football Manager),Sports Games,1,http://apk.support/app/com.samoth.manager,MPDroid
735,,,0,http://apk.support/app/com.scxingdun.blm,MPDroid
736,MagicTrick,Card Games,1,http://apk.support/app/com.septillionsoft.MagicTrick,MPDroid
737,Shopper's Paradise,Arcade Games,1,http://apk.support/app/com.sgg.sp,MPDroid
738,,,0,http://apk.support/app/com.sgn.ionracer,MPDroid
739,,,0,http://apk.support/app/com.simico.creativelocker,MPDroid
740,,,0,http://apk.support/app/com.siyusong.android.color.picker,MPDroid
741,,,0,http://apk.support/app/com.supergames.DeadSpace.en,MPDroid
742,Super Battery Information,Tools,1,http://apk.support/app/com.tobyyaa.superbattery,MPDroid
743,,,0,http://apk.support/app/com.twrd.yulin.senslock,MPDroid
744,,,0,http://apk.support/app/com.typ3studios.flashlight,MPDroid
745,,,0,http://apk.support/app/com.typ3studios.mosquito,MPDroid
746,,,0,http://apk.support/app/com.ubermind.ilightr,MPDroid
747,MouthOff‚Ñ¢,Casual Games,1,http://apk.support/app/com.ustwo.mouthoff,MPDroid
748,,,0,http://apk.support/app/com.v1_4.newbritishauthors.com,MPDroid
749,,,0,http://apk.support/app/com.war,MPDroid
750,,,0,http://apk.support/app/com.xy.mobile.shaketoflashlight,MPDroid
751,,,0,http://apk.support/app/com.yaku.youbian,MPDroid
752,,,0,http://apk.support/app/com.yb.sim,MPDroid
753,,,0,http://apk.support/app/com.yuan.Grove,MPDroid
754,,,0,http://apk.support/app/com.zgame.batteryinfo,MPDroid
755,QuiteSleep,Productivity,1,http://apk.support/app/es.cesar.quitesleep,MPDroid
756,Root Call Blocker Pro,Communication,1,http://apk.support/app/fahrbot.apps.rootcallblocker.pro,MPDroid
757,Whack-a-bad Guy,Arcade Games,1,http://apk.support/app/game.code,MPDroid
758,,,0,http://apk.support/app/info.dicapp.ultrasound,MPDroid
759,,,0,http://apk.support/app/jp.co.kaku.spi.fs1006,MPDroid
760,,,0,http://apk.support/app/moc.gnirps.superstar,MPDroid
761,"Bible Study App, By And Bible Open Source Project",Books & Reference,1,http://apk.support/app/net.bible.android.activity,MPDroid
762,,,0,http://apk.support/app/net.kreci.xray,MPDroid
763,,,0,http://apk.support/app/net.learn2develop.RmCtrl,MPDroid
764,,,0,http://apk.support/app/oms.cj.balance,MPDroid
765,,,0,http://apk.support/app/oms.yb.alarm.ad,MPDroid
766,OI File Manager,Productivity,1,http://apk.support/app/org.openintents.filemanager,MPDroid
767,,,0,http://apk.support/app/smartteam.fishingmaster.lite.en,MPDroid
768,,,0,http://apk.support/app/synteo.spysat,MPDroid
